test_season,games,accuracy,baseline_accuracy,log_loss,brier,roc_auc
2017,174,0.6781609195402298,0.5919540229885057,0.5949640244837578,0.20433509770153055,0.7304799671817311
2018,175,0.6971428571428572,0.5714285714285714,0.5798807086976507,0.19809807889844688,0.7649333333333334
2019,174,0.6149425287356322,0.5517241379310345,0.6659389681114077,0.2346607441861998,0.6537126068376069
2020,174,0.6551724137931034,0.4827586206896552,0.6439338656655644,0.22614435841755134,0.7137566137566138
2021,191,0.6020942408376964,0.5287958115183246,0.6682762176540429,0.23725529721086167,0.6554455445544555
2022,190,0.6684210526315789,0.5789473684210527,0.6136448683859844,0.21337022899930405,0.7005681818181817
2023,190,0.6210526315789474,0.5894736842105263,0.6656236820729444,0.23580371974357692,0.6262591575091575
2024,190,0.6894736842105263,0.5421052631578948,0.6075463692835056,0.20805187375404624,0.7402075661198527
2025,190,0.6263157894736842,0.5263157894736842,0.6256304564797588,0.2190229000947287,0.7057777777777777
